text,sentiment,brand
Try to be friendly and adorable. Need more hospitality. This is Starbucks!,negative,Starbucks
Kasirnya jutek sekali!!! Harusnya bisa ramah ke pelanggan,negative,Starbucks
Beli cappucino rasa nya kaya kopi sachet,negative,Starbucks
The coffee was like milk. Cummon Starbucks!!! You can do better!!!,negative,Starbucks
Tydak ramah bintang satu,negative,Starbucks
Cocok sekali kalau untuk meetup,positive,Starbucks
Mantaph,positive,Starbucks
Jam 9 uda closingan pdhl hrusnya jam 10 malem,negative,Starbucks
Suasananya santai di sini bisa untuk meeting,positive,Starbucks
SEKELAS SBUCKS MINIM COLOKAN?! ARE U SERIOUS!? ____,negative,Starbucks
Kasirnya kurang ramah.. ditanyain promo jawabnya ketus.. kurang di training ini..,negative,Starbucks
Nice,positive,Starbucks
Beli cappucino rasa nya kaya kopi sachet,negative,Starbucks
Kasirnya kurang ramah.. ditanyain promo jawabnya ketus.. kurang di training ini..,negative,Starbucks
Orderan di lewat terus,negative,Starbucks
Steategis,positive,Starbucks
One of my favorite starbucks branch __,positive,Starbucks
Tempatnya enak buat nongkrong2,positive,Starbucks
Buruk,negative,Starbucks
Service kurang baik.Harus ada penambahan karyawan lagi.Jangan sampai membuat customer menunggu pesanan lama.,negative,Starbucks
Ngarugikeun batur,negative,Starbucks
Panjang amat,positive,Starbucks
Kalau tidak ada jangan di di tampilim di aplikasi,negative,Starbucks
Yang kurang cuma lahan parkirnya benerrrrr. sama baristanya masih ada beberapa yang kurang senyum tetapi aku ngertiin krn kerja kan pasti capek yah. tetapi kalau bisa capeknya jangan sampe ketauan customer.,positive,Starbucks
Good coffe,positive,Starbucks
Hebat,positive,Starbucks
Relatively large area with indoor and outdoor space. Cozy ambiance. Friendly services. They also have parking area. Recommended place to work in Cimahi.,positive,Starbucks
Lokasi nyaman dan pelayanan baik hanya saja tempat parkir terbatas mobil hanya masuk 6 unit sisanya pararel,positive,Starbucks
Kalau tidak ada jangan di di tampilim di aplikasi,negative,Starbucks
Standard Starbuck,positive,Starbucks
Gara gara ada ajn saya males kesitu dan ini Starbucks dari israel,negative,Starbucks
Baik,positive,Starbucks
SEKELAS SBUCKS MINIM COLOKAN?! ARE U SERIOUS!? ____,negative,Starbucks
Nyaman dan parkir tertata dengan baik,positive,Starbucks
Pelayanan buruk dari barista nya kalau pelayanan buruk gtu bisa bisa hancur Jangan mentang mentang sudah jadi coffe shop besar bisa seenaknya,negative,Starbucks
Mihil,positive,Starbucks
Beli 2 botol saja harus nunggu 1jam... Parah bangeeeeettt pelayanan nya,negative,Starbucks
Nice,positive,Starbucks
Bersih tempat ny. dan baik pelayanan ny,negative,Starbucks
Bukan penggemar kopi mahal,negative,Starbucks
Buatnya lama,negative,Starbucks
Favorite,positive,Starbucks
Kok gini yah pelayanan star buck. Saya minta Refill air panas untuk teh yang saya sudah beli. Pelayan nya bilang enggak boleh Saya mau beli lagi teh tetapi jangan di seduh TIDAK BOLEH KATANYA,negative,Starbucks
Staffnya sengaja nolak pembayaran lewat card karena saya mau claim free food/beverage,negative,Starbucks
Menyenangkan...buka dari jam 8 __,positive,Starbucks
Pelayanannya kirang,negative,Starbucks
Kok gini yah pelayanan star buck. Saya minta Refill air panas untuk teh yang saya sudah beli. Pelayan nya bilang enggak boleh Saya mau beli lagi teh tetapi jangan di seduh TIDAK BOLEH KATANYA,negative,Starbucks
My breakfast place,positive,Starbucks
Akhirnya ada Starbucks di Cimahi.,positive,Starbucks
Paskal,positive,Starbucks
PELAYANAN SANGAT BURUK DAN SANGAT LAMA,negative,Starbucks
Bagus,positive,Starbucks
Tempatnya nyaman seperti starbuck laiinya. Yang membedakan lokasinya strategis ditempat bersejarah. Karyawan ramah dan sangat membantu waktu kesulitan mencas laptop karena posisnya dibawah kursi.,positive,Starbucks
Suasana clasic nya masih kental tempat nongkrong nya,positive,Starbucks
Jelek,negative,Starbucks
Some leaks near entrance door probably from central AC,positive,Starbucks
Madeff,positive,Starbucks
Toiletnya rusak..bau tak sedap di lobby belakang,negative,Starbucks
Tempatnya bersih dan nyaman... Rasa makanan dan minuman nya konsisten.,positive,Starbucks
Ah kalau cari kursi susah penuh mulu. Harga roti baik tetapi minuman mahal. Untung ada kopi lg promo. Rasa minuman starbuk slalu juara. Bisa byr pakai bca qr. Credit card bisa. Pelayanan baik dan cepat . Lokasi sebelah sushi,positive,Starbucks
Pelayan atau barista so kece itu ngasih minuman di gebrek di meja__ tolong di training lagi y cowo shift sore atau malem jam 20:07 hari minggu sbx pvj (tertawa) LoL,negative,Starbucks
Baru jam 8.45 sudah tutup,negative,Starbucks
The service was bad. The waitress asked for aditional cost for oatmilk for the menu Ice Brown Sugar Oat Milk Shaken Espresso.,negative,Starbucks
Untuk yang di dalam pelayanannya sangat baik tetapi untuk tukang parkirnya pelayanannya sangat buruk. Membantu keluar motor tetapi sangat tidak ikhlas. Bahkan sampai ngatain saya orang tak berakal hanya karna saya lewat jalur yang kecil (motor bisa lewat). Mohon untuk pegawainya lebih dididik lagi untuk kenyamanan bersama juga.,negative,Starbucks
Bingung sama fasilitas toiletnya pada tutup :( tetapi baristanya baik2 bangett,positive,Starbucks
Pelayanan sangat buruk. Tidak seperti reserve outlet lain. Bad attitude.,negative,Starbucks
Xoxo saja,positive,Starbucks
Bikin kopi sambil beberes. Emangnya di rumah.,negative,Starbucks
Beli 2 botol saja harus nunggu 1jam... Parah bangeeeeettt pelayanan nya,negative,Starbucks
Tempatnya terlalu kecil dan staf nya kurang ramah jd membuat kesan kepada kostumer berpikir 2x uk datang kembali karna gerai starbacks juga sudah banyak dbandung juga,negative,Starbucks
Yummy....nikmaat..,positive,Starbucks
Toiletnya rusak..bau tak sedap di lobby belakang,negative,Starbucks
Smoga kalau Starbuck di Podomoro Park sudah buka bakal seperti ini juga pelayanannya...,positive,Starbucks
Gara gara ada ajn saya males kesitu dan ini Starbucks dari israel,negative,Starbucks
Kok gini yah pelayanan star buck. Saya minta Refill air panas untuk teh yang saya sudah beli. Pelayan nya bilang enggak boleh Saya mau beli lagi teh tetapi jangan di seduh TIDAK BOLEH KATANYA,negative,Starbucks
BUTUT!!,negative,Starbucks
Kopi tidak ada lawan dah. enak2,positive,Starbucks
Lebih mendahulukan yang datang ke resto! dibanding ojek online! sangat disayangkan !!!!,negative,Starbucks
Menarik,positive,Starbucks
Pegawainya kurang ramah,negative,Starbucks
Starbucks cabang yang @PVJbandung kenapa tisue harus minta di counter ke petugas nya. Dan kenapa karyawan shift sore saat hari ini tidak bisa bahasa inggis sedikit pun. Mohon maaf yaa harus bilang seperti ini.,negative,Starbucks
Baru jam 8.45 sudah tutup,negative,Starbucks
Nearest Starbucks in the Cimahi area.,positive,Starbucks
Kasir yang cowok jutek. tidak welcome.,negative,Starbucks
Toiletnya rusak..bau tak sedap di lobby belakang,negative,Starbucks
Bersi /nyaman,positive,Starbucks
Tempat nongkrong yang menyenangkan sambil minum,positive,Starbucks
Bukan penggemar kopi mahal,negative,Starbucks
Coffee Shop,positive,Starbucks
Kopi dan service mah no debat.. overall baik.. kaca pintu nya butek.. kurang enak saja.. (tertawa).. karena starbucks dimana2 selalu kebersihannya numero uno..,positive,Starbucks
Hari jumat 20 des say order take away tpi barangnya ada yang kurang .mohon ketelitiannya,negative,Starbucks
Staffnya sengaja nolak pembayaran lewat card karena saya mau claim free food/beverage,negative,Starbucks
Sama seperti starbucks pada umumnyaa,positive,Starbucks
Cuma kurang luas saja kali yaa yang di dalem sedikit sekali tempat duduknya.,positive,Starbucks
Orderan di lewat terus,negative,Starbucks
Nice place for hang out as always,positive,Starbucks
Pelayanan super LELET....,negative,Starbucks
Coffee double shot iced layak diseruput ____,positive,Starbucks
Pelayan atau barista so kece itu ngasih minuman di gebrek di meja__ tolong di training lagi y cowo shift sore atau malem jam 20:07 hari minggu sbx pvj (tertawa) LoL,negative,Starbucks
Ada teknik brewing yang beda dari kebanyakan Starbucks,positive,Starbucks
Pelayan atau barista so kece itu ngasih minuman di gebrek di meja__ tolong di training lagi y cowo shift sore atau malem jam 20:07 hari minggu sbx pvj (tertawa) LoL,negative,Starbucks
BUTUT!!,negative,Starbucks
Gara gara ada ajn saya males kesitu dan ini Starbucks dari israel,negative,Starbucks
Pelayanannya kirang,negative,Starbucks
Orang nya males sekali. tidak mau ngurus surat izin barang stlh jam 10.00 padahl kan saya masih banyak kiroman. dan harus parkir lbh dari 10 jam. kan mahal.,negative,Starbucks
Tempatnya berada di sebelah hejo lobby. Dekat dengan toilet mall. Terdapat area smoking. Sayangnya pencahayaannya cenderung gelap sehingga nuansa yang ditampilkan menjadi agak suram.,positive,Starbucks
Jelek,negative,Starbucks
Hebat ________,positive,Starbucks
Good place,positive,Starbucks
Hampir selalu penuh kalau weekend. Susah dapet tempat duduk. Overall baik lah,positive,Starbucks
A nice place for WFH or just chilling. Even in the weekend it’s quite empty. They separate pickup place for online orders which make it less crowded. The outdoor area seems comfy,positive,Starbucks
Tempat strategis dan nyaman untuk ngobrol,positive,Starbucks
Jelek,negative,Starbucks
Lovely places,positive,Starbucks
I really like their secret menu: coldstone americano,positive,Starbucks
Pelayan atau barista so kece itu ngasih minuman di gebrek di meja__ tolong di training lagi y cowo shift sore atau malem jam 20:07 hari minggu sbx pvj (tertawa) LoL,negative,Starbucks
SEKELAS SBUCKS MINIM COLOKAN?! ARE U SERIOUS!? ____,negative,Starbucks
Kok gini yah pelayanan star buck. Saya minta Refill air panas untuk teh yang saya sudah beli. Pelayan nya bilang enggak boleh Saya mau beli lagi teh tetapi jangan di seduh TIDAK BOLEH KATANYA,negative,Starbucks
Terrible customer experience.,negative,Starbucks
Ngopi ngapa ngopiiii,positive,Starbucks
Tidak melayani pembeli dengan ramah,negative,Starbucks
Saya sebagai driver Shopee sangat kecewa menu tidak ada aplikasi nya d buka sangat merugikan driver dah jauh jauh saya datang menunya tidak ada tidak menghargai driver dah jauh jauh datang jd satu ya terpaksa d cancel sama pihak resto,negative,Starbucks
Nice place to have coffee break,positive,Starbucks
Nice cozy place____,positive,Starbucks
The service was bad. The waitress asked for aditional cost for oatmilk for the menu Ice Brown Sugar Oat Milk Shaken Espresso.,negative,Starbucks
Hebat,positive,Starbucks
Tempat nyaman ...parkir cukup ...,positive,Starbucks
Free banana cake ask me how to ____,positive,Starbucks
Tempatnya menyenangkan hanya parkirannya agak repot pas full..but thanks akhirnya Cimahi punya Starbucks _,positive,Starbucks
Tidak lagi_ saya ke ST Paskal. ST paling buruk di bdg Mana judes sekali si kakak nya ____,negative,Starbucks
Pelayanan sangat buruk. Tidak seperti reserve outlet lain. Bad attitude.,negative,Starbucks
Kasirnya jutek sekali!!! Harusnya bisa ramah ke pelanggan,negative,Starbucks
Baru kali ini beli Ice Caramel machiato take away ice nya sudah mencair tetapi masih enak.. makasih ya kakak barista yang jaga di tgl 07 feb shift pagi..,positive,Starbucks
The idea of __using a paper straw at Starbucks is a stupid idea,negative,Starbucks
Beli cappucino rasa nya kaya kopi sachet,negative,Starbucks
Bukan penggemar kopi mahal,negative,Starbucks
Rasa yang ditawarkan terkadang berbeda setiap beli,positive,Starbucks
The waiter used paper cup to my coffee instead of class to avoid washing inspiate I requsted class cup,negative,Starbucks
Bukan penggemar kopi mahal,negative,Starbucks
Smoking areanya enak ada taman mini,positive,Starbucks
Pelayanan kurang ramah,negative,Starbucks
The waiter used paper cup to my coffee instead of class to avoid washing inspiate I requsted class cup,negative,Starbucks
Saya driver saya dapet orderan di starbuck saya sudah jauh jauh di cancel sama resto nya tidak tau alasan nya apa mana hujan saran kalau mau cancel minimal langsung atau hubungi driver dulu terus kalau belum siap melayani orderan gofood tolong di ttup aplikasi nya soalnya merugikan driver jauh jauh le resto pas sudah mau sampai di cancel resto terimakasih jika ada tanggapan saya naikan bintangnya,negative,Starbucks
2x ke sini parah sekali servicenya. Ketus-ketus. Cepet berbenah kalian,negative,Starbucks
Saya sebagai driver Shopee sangat kecewa menu tidak ada aplikasi nya d buka sangat merugikan driver dah jauh jauh saya datang menunya tidak ada tidak menghargai driver dah jauh jauh datang jd satu ya terpaksa d cancel sama pihak resto,negative,Starbucks
Pegawainya kurang ramah,negative,Starbucks
Haram fatwa MUI,negative,Starbucks
Tempat yang nyaman,positive,Starbucks
Tempatnya nyaman harganya mahal,positive,Starbucks
Tidak melayani pembeli dengan ramah,negative,Starbucks
Okss,positive,Starbucks
Satu satunya pelayanan yang kurang mengenakan disini. Karena kasirnya jutek dan ketus sekali. tidak paham bisa sejutek dan ketus seperti itu apa karena capek atau ada masalah yang dihadapi atau mungkin karena saya beli dengan promo buy 1 free 1. Untuk makanan minuman tidak ada perbedaan antara starbucks lain. Namun untuk yang di PVJ suasananya berbeda dengan starbucks lain. Di PVJ sangat ramai sehingga tidak mendapatkan kursi.,positive,Starbucks
The waiter used paper cup to my coffee instead of class to avoid washing inspiate I requsted class cup,negative,Starbucks
Pelayanannya kirang,negative,Starbucks
Kopinya tidak pernah enak beda dr Starbucks lain,negative,Starbucks
Kurang baik dalam melayani pesanan online..buat driver kecewa..lebih d perbaiki kualitas pegawai nya,negative,Starbucks
Its good place and cozy for work or hangout,positive,Starbucks
Tolong donk sekelas starbucks di mall P23 apalagi. Masa ac indoornya panas sekali terutama weekend. sudah lama sekali tidak diperbaikin.,negative,Starbucks
Baik,positive,Starbucks
Konon kalau senen n selasa pagi sepi disini. Saya biasanya nebeng kerja sambil breakfast dan ngopi. Makin siang makin rame dan padat. Siang banyak mahasiswa rasanya. Parkir mudah karena gabung mal dan kompleks. Nyaman untuk kerja,positive,Starbucks
Kasirnya kurang ramah.. ditanyain promo jawabnya ketus.. kurang di training ini..,negative,Starbucks
Very small non smoking area,negative,Starbucks
Lama menunggu dan tidak adil dalam pelayanan,negative,Starbucks
BUTUT!!,negative,Starbucks
Kalau tidak ada jangan di di tampilim di aplikasi,negative,Starbucks
Starbucks selalu menjaga standar layanan dan produk mereka. Sejauh ini kita mendapatkan kualitas yang sama di semua gerainya. Apalagi ambien lokasinya selalu enak untuk bekerja maupun berkumpul dengan teman.,positive,Starbucks
Kok gini yah pelayanan star buck. Saya minta Refill air panas untuk teh yang saya sudah beli. Pelayan nya bilang enggak boleh Saya mau beli lagi teh tetapi jangan di seduh TIDAK BOLEH KATANYA,negative,Starbucks
Everything's fine. But I did not see any mushola __ There are smoking and non smoking area.,positive,Starbucks
Waiters nya ramah..,positive,Starbucks
Ada kelas kopi juga di sini.. tempatnya menyenangkan,positive,Starbucks
Yang bikin nya yang LG trening parah sekali,negative,Starbucks
Baik,positive,Starbucks
Baik,positive,Starbucks
Untuk yang di dalam pelayanannya sangat baik tetapi untuk tukang parkirnya pelayanannya sangat buruk. Membantu keluar motor tetapi sangat tidak ikhlas. Bahkan sampai ngatain saya orang tak berakal hanya karna saya lewat jalur yang kecil (motor bisa lewat). Mohon untuk pegawainya lebih dididik lagi untuk kenyamanan bersama juga.,negative,Starbucks
Pelayanannya super lelet ...,negative,Starbucks
Tempatnya nyaman ____,positive,Starbucks
Perfect place for hangout,positive,Starbucks
Buat nongkrong enak sekali sama temen,positive,Starbucks
Service kurang baik.Harus ada penambahan karyawan lagi.Jangan sampai membuat customer menunggu pesanan lama.,negative,Starbucks
Sy sering disini.jika selesai belanja atsu sejedar nongkrong sll disini. Strategis enak nyaman bersih. Pelayanan cpt dn rzmah,positive,Starbucks
The brown sugar has more taste than the coffee. Waited 5 mins to log into slow wifi.,negative,Starbucks
Cocok sekali untuk ngobrol cantik,positive,Starbucks
Primary afternoons coffee spot,positive,Starbucks
Cozzy.. pas sekali lagi hujan di bandung jd sendu2 gitu __,positive,Starbucks
Tempatnya terlalu kecil dan staf nya kurang ramah jd membuat kesan kepada kostumer berpikir 2x uk datang kembali karna gerai starbacks juga sudah banyak dbandung juga,negative,Starbucks
Mahal,negative,Starbucks
Bukan penggemar kopi mahal,negative,Starbucks
BUTUT!!,negative,Starbucks
Staffnya sengaja nolak pembayaran lewat card karena saya mau claim free food/beverage,negative,Starbucks
Tolong kalou sudah tutup aplikasi gobiz nya di matiin jangan sampai driver bingung,negative,Starbucks
Lumayan,positive,Starbucks
Baik sekali,positive,Starbucks
Kasirnya kurang ramah.. ditanyain promo jawabnya ketus.. kurang di training ini..,negative,Starbucks
Good place. Too many people chat for too long. Too little space..,positive,Starbucks
Di smoking area tempat duduknya cukup nyaman tetapi terkadang suka timbul asap tebal yang seperti buangan dari gedung sebelah jadi menggangu kenyaman merokok,positive,Starbucks
Pelayanan nya tidak ramah. makanan sama minuman nya biasa saja.,negative,Starbucks
Saya pesan delivery combo bottle..untuk signature chocolate nya rasanya sudah asam..biasanya tidak bgtu rasanya..apakah sudah basi??? saya pesan hri ini 03/09 ed tertera di btol pun 03/09,negative,Starbucks
Starbuck paling aneh bertahun2 saya datang tidak ada musiknya. Jadi berisik kalau ada yang ngobrol apalagi yang baea bocil,negative,Starbucks
Nunggu lama,negative,Starbucks
Di bagian depan tsm,positive,Starbucks
Hmmmm...,positive,Starbucks
Love the place,positive,Starbucks
Pelayanan sinis atas nama g____a rama. Cuma tanya menu breakfast saja jawabnya sinis dengan muka yang nyebelin. Lgsg ganti order ke cold brew,negative,Starbucks
Tolong kalou sudah tutup aplikasi gobiz nya di matiin jangan sampai driver bingung,negative,Starbucks
Nice coffee,positive,Starbucks
Staffnya sengaja nolak pembayaran lewat card karena saya mau claim free food/beverage,negative,Starbucks
Pelayanan LAMAAAAAAA.....,negative,Starbucks
Nyaman ngopi disini,positive,Starbucks
It's good place to hangout and drink coffee or other drink,positive,Starbucks
Kasirnya jutek sekali!!! Harusnya bisa ramah ke pelanggan,negative,Starbucks
The service was bad. The waitress asked for aditional cost for oatmilk for the menu Ice Brown Sugar Oat Milk Shaken Espresso.,negative,Starbucks
Best sekali,positive,Starbucks
Coffebestintown,positive,Starbucks
Ahh akhirnya buka juga tempat ngantor virtual nya tidak jauh2 lagi,positive,Starbucks
Tempat ngopi enak,positive,Starbucks
Good coffee Nice atmosphere Good service Reasonable price,positive,Starbucks
Untuk di mall besar gerai disini bisa di bilang ckup kecil but overall is baik,positive,Starbucks
Chill vibe dan tenang sekali,positive,Starbucks
Tempat favorite sebelum keluar dari paskal pasti mampir,positive,Starbucks
Cool place tho,positive,Starbucks
BUTUT!!,negative,Starbucks
They refuse to turn the AC on. It’s so uncomfortable. Go to Kopi kenigan they have AC.,negative,Starbucks
Buat nongkrong dan sambil nugas disini nyaman,positive,Starbucks
Tempatnya byk nyamuk,positive,Starbucks
Saya sebagai driver Shopee sangat kecewa menu tidak ada aplikasi nya d buka sangat merugikan driver dah jauh jauh saya datang menunya tidak ada tidak menghargai driver dah jauh jauh datang jd satu ya terpaksa d cancel sama pihak resto,negative,Starbucks
Nyaman,positive,Starbucks
Starbucks manapun selalu menyenangkan,positive,Starbucks
Ngarugikeun batur,negative,Starbucks
Resto sampah..kalau tidak mau ada driver online..jangan jualan online boss,negative,Starbucks
Untuk yang di dalam pelayanannya sangat baik tetapi untuk tukang parkirnya pelayanannya sangat buruk. Membantu keluar motor tetapi sangat tidak ikhlas. Bahkan sampai ngatain saya orang tak berakal hanya karna saya lewat jalur yang kecil (motor bisa lewat). Mohon untuk pegawainya lebih dididik lagi untuk kenyamanan bersama juga.,negative,Starbucks
Dibikin adem hati setelah macet2an pelayanan ny ramah,positive,Starbucks
Service kurang baik.Harus ada penambahan karyawan lagi.Jangan sampai membuat customer menunggu pesanan lama.,negative,Starbucks
Good starbucks outlet in a mall,positive,Starbucks
Tempat nyantai sekedar ngobrol...sambil minum kopi,positive,Starbucks
Love it here too,positive,Starbucks
Tempatnya enak! Yang paling menonjol bagian outdoor yang terkesan sejuk walaupun smoking. Kursi di indoor juga cocok jumlahnya. Pas buat yang mau nongkrong atau wfc. __,positive,Starbucks
Tempatnya menyenangkan untuk menikmati kopi sambil browsing,positive,Starbucks
Kasir yang cowok jutek. tidak welcome.,negative,Starbucks
Standard Starbucks. tetapi area merokok kecil. Kursi aluminium. tidak nyaman buat nongkrong.,positive,Starbucks
Untuk yang di dalam pelayanannya sangat baik tetapi untuk tukang parkirnya pelayanannya sangat buruk. Membantu keluar motor tetapi sangat tidak ikhlas. Bahkan sampai ngatain saya orang tak berakal hanya karna saya lewat jalur yang kecil (motor bisa lewat). Mohon untuk pegawainya lebih dididik lagi untuk kenyamanan bersama juga.,negative,Starbucks
Jutek sekali mbaknya,positive,Starbucks
Always love Caramel Macchiato,positive,Starbucks
Beri ruang dan tempat duduk untuk menunggu order take away,positive,Starbucks
Seger tempatnya,positive,Starbucks
Good as always...,positive,Starbucks
Org2 yang d sb ne ramah2 sekalii,positive,Starbucks
My new fav menu. Americano otr coldstone..,positive,Starbucks
Bikin kopi sambil beberes. Emangnya di rumah.,negative,Starbucks
Cuma kurang luas saja kali yaa yang di dalem sedikit sekali tempat duduknya.,positive,Starbucks
Pesen vanilla sweet cream coldbrew. Ada indrigients yang kurang.. heavy creamnya kemanaaa. Komunikasi kk kalau indrigientsnya ada yang missing.,negative,Starbucks
Has been as it always has been.,positive,Starbucks
Tmpat nongki terhits,positive,Starbucks
Refresentatif tempatnya...cuma parkir kurang luas,positive,Starbucks
Ngupi di mall,positive,Starbucks
Pelayanan memuaskan,positive,Starbucks
Tempat sangat baik buat nongkrong sambil ngopi santai...meeting...jga baik,positive,Starbucks
Kasirnya kurang ramah.. ditanyain promo jawabnya ketus.. kurang di training ini..,negative,Starbucks
Pegawainya kurang ramah,negative,Starbucks
Mantapss,positive,Starbucks
The service was really good and the baristas are very friendly!,positive,Starbucks
Hibiscus Tea Lemonade nya enak ini seger rasa nya __,positive,Starbucks
Saya sebagai driver Shopee sangat kecewa menu tidak ada aplikasi nya d buka sangat merugikan driver dah jauh jauh saya datang menunya tidak ada tidak menghargai driver dah jauh jauh datang jd satu ya terpaksa d cancel sama pihak resto,negative,Starbucks
Regas,negative,Starbucks
The service was bad. The waitress asked for aditional cost for oatmilk for the menu Ice Brown Sugar Oat Milk Shaken Espresso.,negative,Starbucks
A nice place to have your herbal tea or caramel macchiato,positive,Starbucks
Ngarugikeun batur,negative,Starbucks
Baik,positive,Starbucks
Buset diminuman ada semut jiji,negative,Starbucks
Saya sebagai driver Shopee sangat kecewa menu tidak ada aplikasi nya d buka sangat merugikan driver dah jauh jauh saya datang menunya tidak ada tidak menghargai driver dah jauh jauh datang jd satu ya terpaksa d cancel sama pihak resto,negative,Starbucks
Pelayanan nya tidak ramah. makanan sama minuman nya biasa saja.,negative,Starbucks
Good place to hangout with the loved ones. The ambience was great with the friendly staff. I'd love to come here again some day.,positive,Starbucks
Tempat baik bersih dan luas,positive,Starbucks
Saya beberapa kali edit lokasi starbuck ke tempat yang seharusnya tetapi ada yang pindahin lagi ke tempat yang bukan titik aslinya,positive,Starbucks
Chill n nice place,positive,Starbucks
Tempatnya nyaman,positive,Starbucks
Good place,positive,Starbucks
Untuk yang di dalam pelayanannya sangat baik tetapi untuk tukang parkirnya pelayanannya sangat buruk. Membantu keluar motor tetapi sangat tidak ikhlas. Bahkan sampai ngatain saya orang tak berakal hanya karna saya lewat jalur yang kecil (motor bisa lewat). Mohon untuk pegawainya lebih dididik lagi untuk kenyamanan bersama juga.,negative,Starbucks
Ngarugikeun batur,negative,Starbucks
BIG NO,negative,Starbucks
Regas,negative,Starbucks
Kasirnya kurang ramah.. ditanyain promo jawabnya ketus.. kurang di training ini..,negative,Starbucks
Orderan di lewat terus,negative,Starbucks
Nice place good service,positive,Starbucks
2x ke sini parah sekali servicenya. Ketus-ketus. Cepet berbenah kalian,negative,Starbucks
Produk izraelllaaaahhh....,negative,Starbucks
Baristanya buruk pelayanan buruk apalagi barista cowo atas nama amar kalau gasalah jutek tidak ramah di kasir hadehhhh cut deh__,negative,Starbucks
Ngarugikeun batur,negative,Starbucks
SEKELAS SBUCKS MINIM COLOKAN?! ARE U SERIOUS!? ____,negative,Starbucks
Setidaknya ada orang yang kusus untuk pesanan yang online gojek grab sudah hampir 1jam belum juga di proses 20 orang ngantri Krn konsumen yang di layani DTG ke tempat di utamakan dlu sdgkn yang online ngantri GK ad ke pastian pdhl bkn makanan in hanya kopi' St botol kemasan Starbucks konsumen yang online ngeluhnya ke drever bkn pada resto nya kita kerja bkn mau nunggu lama antrian panjang dan se harus Nya ad perbaikan di penjualan online St kasir kurang gesit byk nunggu 2 perkerja sedikit 3 masih bingung tingkat kerja nya proses lama mohon di benah LG tuk menejemennya sebagai komando time,negative,Starbucks
Another perspective in asia africa street,positive,Starbucks
Very small non smoking area,negative,Starbucks
Nyaman sekali tempatnya,positive,Starbucks
This sbux placed @ Ground Floor next to Fore Coffee. You must ask the wifi password to baristas. Have outdoor seating. Unfortunately in my last visit there some people not use mask in side this Sbux.,positive,Starbucks
They refuse to turn the AC on. It’s so uncomfortable. Go to Kopi kenigan they have AC.,negative,Starbucks
Enjoyyyyyy,positive,Starbucks
Ngopi dan belanja dalam satu tempat. Depan starbuck ini ada toko peralatan kosmetik yang lucu2.,positive,Starbucks
Hebat enak,positive,Starbucks
Cozy,positive,Starbucks
Buat nongkrong baik. Cuma toilet nya agak jorok. Coba management nya di perbaikin.,positive,Starbucks
Salah satu Starbucks terbaik di bandung. tidak enaknya adalah wifi kurang lancar. Kalau minuman standar Starbucks saja,positive,Starbucks
Pelayanan buruk dari barista nya kalau pelayanan buruk gtu bisa bisa hancur Jangan mentang mentang sudah jadi coffe shop besar bisa seenaknya,negative,Starbucks
Tidak melayani pembeli dengan ramah,negative,Starbucks
Service is top notch… All because of my clummsyness I spill my ice americano… the bartender quickly mop the floor and give me a replacement for my americano… What a service ____________,positive,Starbucks
Kasirnya jutek sekali!! Minuman tidak sesuai request. Bad experience______,negative,Starbucks
Kalau tidak ada jangan di di tampilim di aplikasi,negative,Starbucks
Service kurang baik.Harus ada penambahan karyawan lagi.Jangan sampai membuat customer menunggu pesanan lama.,negative,Starbucks
Baik,positive,Starbucks
Saya tidak suka selalu dapat pesan promo,negative,Starbucks
PELAYANAN SANGAT BURUK DAN SANGAT LAMA,negative,Starbucks
Akhirnya ada di Cimahi dan ngajak coffee date Ibu ke sini __ will always be one of sweet memory with her.,positive,Starbucks
Pelayanan lama,negative,Starbucks
Overall sudah baik si pelayanan dan lain-lain nya standar sbux saja gmna. cuman guys mikir mikir lg kalau mau diem disini lama apalagi yang bawa kendaraan pribadi cz kang parkirnya rese abis masa di minta bayar parkir motor 17 rb gila saja anda kira di dalem mall apa kesel,positive,Starbucks
Saya sebagai driver Shopee sangat kecewa menu tidak ada aplikasi nya d buka sangat merugikan driver dah jauh jauh saya datang menunya tidak ada tidak menghargai driver dah jauh jauh datang jd satu ya terpaksa d cancel sama pihak resto,negative,Starbucks
Nice place and always crowd,positive,Starbucks
Small & cozy place to gather with friends,positive,Starbucks
Sangat cocok untuk relaksasi,positive,Starbucks
Baik,positive,Starbucks
Toiletnya rusak..bau tak sedap di lobby belakang,negative,Starbucks
Nyaman,positive,Starbucks
The brown sugar has more taste than the coffee. Waited 5 mins to log into slow wifi.,negative,Starbucks
Nice coffee shop and nice coffee,positive,Starbucks
Nice,positive,Starbucks
Saya sebagai driver Shopee sangat kecewa menu tidak ada aplikasi nya d buka sangat merugikan driver dah jauh jauh saya datang menunya tidak ada tidak menghargai driver dah jauh jauh datang jd satu ya terpaksa d cancel sama pihak resto,negative,Starbucks
Tempat yang pas buat nongkrong .. meet up point.. luas indoor outdoor untuk merokok,positive,Starbucks
Good,positive,Starbucks
Unbedingt an einer Führung teilnehmen!,positive,Starbucks
Spotnya exclusive dijalan utama cimahi arah padalarang....,positive,Starbucks
Pelayanan lama,negative,Starbucks
Pas kesana malem dan suasana nya enak nyaman Barista nya ramah,positive,Starbucks
It's the same every starbucks Iced Americano. It feels refreshing... The Starbucks located here is busy so you have to queue for a long time. Please note,positive,Starbucks
2x ke sini parah sekali servicenya. Ketus-ketus. Cepet berbenah kalian,negative,Starbucks
Cozy place,positive,Starbucks
Suka sekali apalagi dengan green tea walau mahal 60k hiks:( cuman cocok lah buat kencan musiknya adem tidak terlalu keras buat kerja atau nanya kerjaan bisa sekali colokan buat ngechas bisa santai lah mana Deket sekali sama toilet jadi gampang,positive,Starbucks
Paling favorite ya starbuck di 23 paskal,positive,Starbucks
Pegawainya kurang ramah,negative,Starbucks
Kenceng internetnya __,positive,Starbucks
Ngarugikeun batur,negative,Starbucks
Hari jumat 20 des say order take away tpi barangnya ada yang kurang .mohon ketelitiannya,negative,Starbucks
Jice places with always have peak seasons visitors. A bit queing to have table and chair. Need to improve more chair. The barista was vwry nice humble and helpfull,positive,Starbucks
Mahal,positive,Starbucks
Selalu kesini,positive,Starbucks
Nyaman,positive,Starbucks
Good vibes.. Nice _ as usual.. Friendly barista ____,positive,Starbucks
Beli 2 botol saja harus nunggu 1jam... Parah bangeeeeettt pelayanan nya,negative,Starbucks
Buset diminuman ada semut jiji,negative,Starbucks
Salah satu store starbucks yang selalu penuh pas weekend. Tempatnya lumayan besar dan ada 2 meja besar yang cukup untuk 8org. Ada smoking dan non-smoking area.,positive,Starbucks
Setidaknya ada orang yang kusus untuk pesanan yang online gojek grab sudah hampir 1jam belum juga di proses 20 orang ngantri Krn konsumen yang di layani DTG ke tempat di utamakan dlu sdgkn yang online ngantri GK ad ke pastian pdhl bkn makanan in hanya kopi' St botol kemasan Starbucks konsumen yang online ngeluhnya ke drever bkn pada resto nya kita kerja bkn mau nunggu lama antrian panjang dan se harus Nya ad perbaikan di penjualan online St kasir kurang gesit byk nunggu 2 perkerja sedikit 3 masih bingung tingkat kerja nya proses lama mohon di benah LG tuk menejemennya sebagai komando time,negative,Starbucks
Resto sampah..kalau tidak mau ada driver online..jangan jualan online boss,negative,Starbucks
Terbaik untuk nongkrong,positive,Starbucks
Cafe yang populer di Indonesia selain memiliki rasa yang khas.juga.bisa dijadikan tempat nongkrong,positive,Starbucks
Baristanya super jutek sangat tidak welcome sekali. Bad sekali..,negative,Starbucks
It's just comfortable to sit over here and enjoy your coffee,positive,Starbucks
Located near Hejo Lobby at 23 Paskal Mall.,positive,Starbucks
Setidaknya ada orang yang kusus untuk pesanan yang online gojek grab sudah hampir 1jam belum juga di proses 20 orang ngantri Krn konsumen yang di layani DTG ke tempat di utamakan dlu sdgkn yang online ngantri GK ad ke pastian pdhl bkn makanan in hanya kopi' St botol kemasan Starbucks konsumen yang online ngeluhnya ke drever bkn pada resto nya kita kerja bkn mau nunggu lama antrian panjang dan se harus Nya ad perbaikan di penjualan online St kasir kurang gesit byk nunggu 2 perkerja sedikit 3 masih bingung tingkat kerja nya proses lama mohon di benah LG tuk menejemennya sebagai komando time,negative,Starbucks
Lama menunggu dan tidak adil dalam pelayanan,negative,Starbucks
Rame,positive,Starbucks
Pelayanan kurang ramah,negative,Starbucks
Resto sampah..kalau tidak mau ada driver online..jangan jualan online boss,negative,Starbucks
Love the ambience,positive,Starbucks
Good Service,positive,Starbucks
Tidak ada mushola __,negative,Starbucks
Senang suasananya happy,positive,Starbucks
Order drink with soy milk and was given drink with normal milk... I have strong allergy for normal milk and that is dangerous for me. Bad uncareful service!,negative,Starbucks
Rasanya sudah beda tidak kaya dulu,positive,Starbucks
Tempat nongkrong kereen,positive,Starbucks
Tidak ada mushola __,negative,Starbucks
Pelayanan lama,negative,Starbucks
Ya gitu we starbak sama dimana mana juga,positive,Starbucks
Kantor perusahaan CV riksabuana hebat pelayanan nya,positive,Starbucks
Teu rame sepi,negative,Starbucks
Jelek,negative,Starbucks
Ngarugikeun batur,negative,Starbucks
Baik,positive,Starbucks
Coffee shop yang nyaman,positive,Starbucks
Avoid weekend __ Nothing special with the Taro cake __,positive,Starbucks
Buset diminuman ada semut jiji,negative,Starbucks
Regas,negative,Starbucks
Nice branch. Clean and spacious located near the entrance. Lot's of seating. Staff were pleasant and friendly. The red velvet cookie was divine.,positive,Starbucks
Pelayanan kak dewi (cashier) jutek sekali. Sedih !,negative,Starbucks
Saya driver saya dapet orderan di starbuck saya sudah jauh jauh di cancel sama resto nya tidak tau alasan nya apa mana hujan saran kalau mau cancel minimal langsung atau hubungi driver dulu terus kalau belum siap melayani orderan gofood tolong di ttup aplikasi nya soalnya merugikan driver jauh jauh le resto pas sudah mau sampai di cancel resto terimakasih jika ada tanggapan saya naikan bintangnya,negative,Starbucks
Hari jumat 20 des say order take away tpi barangnya ada yang kurang .mohon ketelitiannya,negative,Starbucks
Ini enak tempatnya...spot fav yang samping jendela bolong,positive,Starbucks
Tempatnya nyaman bgtt buat nugaas,positive,Starbucks
Kasirnya jutek sekali!! Minuman tidak sesuai request. Bad experience______,negative,Starbucks
The idea of __using a paper straw at Starbucks is a stupid idea,negative,Starbucks
Weekend pagi - siang tidak terlalu ramai,positive,Starbucks
Tempat cukup nyaman standar cafe pada umumnya. Belum ada hal istimewa yang berkesan,positive,Starbucks
Nothing special... too dark ambiance...,positive,Starbucks
They have manual brew,positive,Starbucks
Good place,positive,Starbucks
Coffee______,positive,Starbucks
Ar,positive,Starbucks
Tempat favorit untuk kerjain tugas. topp,positive,Starbucks
Asekkkkk akhirnyaaa nonggol jugaa cimahi memang menakjubkan segaka ada yaa...wilujeng sumping stbx,positive,Starbucks
Kok gini yah pelayanan star buck. Saya minta Refill air panas untuk teh yang saya sudah beli. Pelayan nya bilang enggak boleh Saya mau beli lagi teh tetapi jangan di seduh TIDAK BOLEH KATANYA,negative,Starbucks
Nyaman buat nongkrong,positive,Starbucks
Baik semua,positive,Starbucks
Nice place but sometimes there's too much people,positive,Starbucks
Hebat untuk ngopi______,positive,Starbucks
Sempit,positive,Starbucks
SEKELAS SBUCKS MINIM COLOKAN?! ARE U SERIOUS!? ____,negative,Starbucks
This is my favorite place for working...,positive,Starbucks
Bersih tempat ny. dan baik pelayanan ny,negative,Starbucks
Starbucks cabang yang @PVJbandung kenapa tisue harus minta di counter ke petugas nya. Dan kenapa karyawan shift sore saat hari ini tidak bisa bahasa inggis sedikit pun. Mohon maaf yaa harus bilang seperti ini.,negative,Starbucks
Wc nya kotor air nya tidak ada kotor sekali,positive,Starbucks
Kasirnya jutek sekali!! Minuman tidak sesuai request. Bad experience______,negative,Starbucks
Smgat burk,negative,Starbucks
PELAYANAN SANGAT BURUK DAN SANGAT LAMA,negative,Starbucks
Baik sekali,positive,Starbucks
Tidak melayani pembeli dengan ramah,negative,Starbucks
Ngarugikeun batur,negative,Starbucks
Very small non smoking area,negative,Starbucks
Untuk yang di dalam pelayanannya sangat baik tetapi untuk tukang parkirnya pelayanannya sangat buruk. Membantu keluar motor tetapi sangat tidak ikhlas. Bahkan sampai ngatain saya orang tak berakal hanya karna saya lewat jalur yang kecil (motor bisa lewat). Mohon untuk pegawainya lebih dididik lagi untuk kenyamanan bersama juga.,negative,Starbucks
As expected from starbucks but the ambience is not that good as it's always packed there,positive,Starbucks
Excellent location for starbucks. However this cafe has this strange chinese food aroma in it..which i believed came from restaurants nearby. This surely messed my coffee time. I wish they would do something to keep the aroma away so people can enjoy the usual Starbucks clean coffee ish scent.,positive,Starbucks
Kopinya enak,positive,Starbucks
Nice coffee and foods... but the waitress forgot my one order and let me wait for 40 mins. Then the waitress even gave me glass with broken edges. Be more careful.,negative,Starbucks
Jelek,negative,Starbucks
Finally ada di Cimahi ______ Tempatnya Slayyyy.. ______,positive,Starbucks
Suka sama ambience nya. Bikin produktif..,positive,Starbucks
Tempat hangout,positive,Starbucks
Cocok buat hangout bareng temen,positive,Starbucks
Pegawainya kurang ramah,negative,Starbucks
Nunggu lama,negative,Starbucks
Good,positive,Starbucks
Spacey stores but the AC is so hot,positive,Starbucks
Wooowwwwww pelayanannya menakjubkan sekali,positive,Starbucks
Musim ujan dingin bat ACnya wkwkwkw,positive,Starbucks
__ suka ada promo di sini,positive,Starbucks
Yuhuuuu... Cimahi ternyata sudah punya starbak. menakjubkan lah __ Tempatnya nyaman sekali..,positive,Starbucks
Chill in,positive,Starbucks
Tolong kalou sudah tutup aplikasi gobiz nya di matiin jangan sampai driver bingung,negative,Starbucks
Nice place,positive,Starbucks
Enak tempatnya,positive,Starbucks
Bukan penggemar kopi mahal,negative,Starbucks
Kalau tidak niat buka sampe jam 9 jangan tulis di google jam 9 Setiap mau pesan fi jam 8 lebih selalu sudah close order,negative,Starbucks
Mahal,negative,Starbucks
Produk izraelllaaaahhh....,negative,Starbucks
Tidak lagi_ saya ke ST Paskal. ST paling buruk di bdg Mana judes sekali si kakak nya ____,negative,Starbucks
Beli cappucino rasa nya kaya kopi sachet,negative,Starbucks
Uhuyyyy pokonyaaaa,positive,Starbucks
Cozy place to stop by for a coffee and cake. The cheesecake is yummy!,positive,Starbucks
Siiip,positive,Starbucks
Bad experience staff Hasbi,negative,Starbucks
Recommended,positive,Starbucks
Hebat,positive,Starbucks
Kesini karna harga beverages lebih rendah dibanding dengan cabang2 starbucks lainnya disekitar Bandung-Cimahi.. tempatnya nyaman.. ada semi outdor nya untuk ruang merokok.. tempatnya cukup luas untuk WFC..,positive,Starbucks
Baik suasana nya,positive,Starbucks
There's no power plug outside to recharge your gadgets.,positive,Starbucks
Tidak melayani pembeli dengan ramah,negative,Starbucks
Kurang baik dalam melayani pesanan online..buat driver kecewa..lebih d perbaiki kualitas pegawai nya,negative,Starbucks
Lama,negative,Starbucks
Tempat nongkrong yang nyaman ____,positive,Starbucks
Recomanded,positive,Starbucks
Enak buat nyantai,positive,Starbucks
Mahal saja ah starbuck mah,positive,Starbucks
Nice place...,positive,Starbucks
Lebih mendahulukan yang datang ke resto! dibanding ojek online! sangat disayangkan !!!!,negative,Starbucks
Gara gara ada ajn saya males kesitu dan ini Starbucks dari israel,negative,Starbucks
Service kurang baik.Harus ada penambahan karyawan lagi.Jangan sampai membuat customer menunggu pesanan lama.,negative,Starbucks
When you need coffee,positive,Starbucks
Baik,positive,Starbucks
Pegawainya kurang ramah,negative,Starbucks
Lebih mendahulukan yang datang ke resto! dibanding ojek online! sangat disayangkan !!!!,negative,Starbucks
Resto sampah..kalau tidak mau ada driver online..jangan jualan online boss,negative,Starbucks
Tempatnya cozy. lebih cocok untuk ngobrol suasananya. lahan parkir luas,positive,Starbucks
Bagus,positive,Starbucks
Orderan di lewat terus,negative,Starbucks
Beli kopi disini kalau dapat sms beli 1 gratis 1,positive,Starbucks
Kalau tidak ada jangan di di tampilim di aplikasi,negative,Starbucks
Best place for hangout,positive,Starbucks
Goodd hospitalityy by Ms Kucakica,positive,Starbucks
Rude barista.,negative,Starbucks
Tempatnya nyaman.,positive,Starbucks
Kasirnya jutek sekali!! Minuman tidak sesuai request. Bad experience______,negative,Starbucks
Kurang baik dalam melayani pesanan online..buat driver kecewa..lebih d perbaiki kualitas pegawai nya,negative,Starbucks
Pelayanan sangat buruk. Tidak seperti reserve outlet lain. Bad attitude.,negative,Starbucks
Tidak ingin 2 kali ke starbucks sini.. Kapok pokoknya apalagi sama pelayanan nya...,negative,Starbucks
Akhirnya ke sini juga. Tempatnya enakeun walau terlihat agak kecil. Sabi buat kerja ataupun ngadem. Siapa tau ketemu jodoh yekan ~,positive,Starbucks
QR gopay tidak berfungsi cashbacknya. Mohon untuk manajemen ganti EDCnya jangan pakai gaja. Jika konsumen mau bayar pakai gopay. Kasih QR gopay. Jangan yang lain,positive,Starbucks
All good,positive,Starbucks
Abisss borong disc an __,positive,Starbucks
2x ke sini parah sekali servicenya. Ketus-ketus. Cepet berbenah kalian,negative,Starbucks
Kalau lg pingin ngopi tanpa ada yang ganggu.. Adem,positive,Starbucks
Order drink with soy milk and was given drink with normal milk... I have strong allergy for normal milk and that is dangerous for me. Bad uncareful service!,negative,Starbucks
Minum teh,positive,Starbucks
Tempatnya sangat nyaman untuk nongkrong,positive,Starbucks
A good place to hang over in Paskal mall.,positive,Starbucks
Yaaahhh adaaaaa .. ________,positive,Starbucks
Nyaman pool,positive,Starbucks
Bad experience staff Hasbi,negative,Starbucks
Barista + kasir tgl 29-12-2024 benar benar ya gabangetttt seumur2 pesen less ice gapernah dikasih sesedikit ini di starbucks manapun!!!,negative,Starbucks
Lama,negative,Starbucks
Tanpa konfirmasi orderan dibatalkan sepihak sama restoranya,negative,Starbucks
Untuk minumannya banyak yang tidak tersedia.,positive,Starbucks
Jaringan wifinya untuk ukuran starbucks sangat tidak memuaskan.,positive,Starbucks
Terrible customer experience.,negative,Starbucks
Smgat burk,negative,Starbucks
Mahal,negative,Starbucks
Tmp nongkrong favourite!!!,positive,Starbucks
Bad experience staff Hasbi,negative,Starbucks
Regas,negative,Starbucks
Antri lama,positive,Starbucks
Good beverages,positive,Starbucks
Cocol untuk meeting place,positive,Starbucks
Barista membiarkan orang lain membuka gelas pesanan orang . Mohon pihak management kembali mentraining barista kembali supaya hospitality starbuck terjaga. Terima kasih . Nama barista adittia.,negative,Starbucks
Orderan di lewat terus,negative,Starbucks
Cukup nyaman,positive,Starbucks
Tolong donk sekelas starbucks di mall P23 apalagi. Masa ac indoornya panas sekali terutama weekend. sudah lama sekali tidak diperbaikin.,negative,Starbucks
Kalau tidak niat buka sampe jam 9 jangan tulis di google jam 9 Setiap mau pesan fi jam 8 lebih selalu sudah close order,negative,Starbucks
Nyaman,positive,Starbucks
Good,positive,Starbucks
Buruk,negative,Starbucks
Best place to chill,positive,Starbucks
Baik,positive,Starbucks
One of the best spot to relax and enjoy your coffee selections ____________,positive,Starbucks
The service was bad. The waitress asked for aditional cost for oatmilk for the menu Ice Brown Sugar Oat Milk Shaken Espresso.,negative,Starbucks
Selalu ramai selalu tidak kebagian bangku terlebih sore hari dan weekend,positive,Starbucks
_____ __ __ Free wi-fi _____ ___ ___,positive,Starbucks
Excellent!,positive,Starbucks
Tempatnya nyaman,positive,Starbucks
Haram fatwa MUI,negative,Starbucks
Suasananya selalu nyaman,positive,Starbucks
Pelayanan LAMAAAAAAA.....,negative,Starbucks
Tydak ramah bintang satu,negative,Starbucks
Pelayanan sinis atas nama g____a rama. Cuma tanya menu breakfast saja jawabnya sinis dengan muka yang nyebelin. Lgsg ganti order ke cold brew,negative,Starbucks
Untuk yang di dalam pelayanannya sangat baik tetapi untuk tukang parkirnya pelayanannya sangat buruk. Membantu keluar motor tetapi sangat tidak ikhlas. Bahkan sampai ngatain saya orang tak berakal hanya karna saya lewat jalur yang kecil (motor bisa lewat). Mohon untuk pegawainya lebih dididik lagi untuk kenyamanan bersama juga.,negative,Starbucks
Cozy,positive,Starbucks
Tempat nya nyaman,positive,Starbucks
Ordinary starbuck standard ambience,positive,Starbucks
Lama menunggu dan tidak adil dalam pelayanan,negative,Starbucks
Staff was friendly and helpful greet thank you make me day,positive,Starbucks
Buset diminuman ada semut jiji,negative,Starbucks
SEKELAS SBUCKS MINIM COLOKAN?! ARE U SERIOUS!? ____,negative,Starbucks
Tempatnya lumayan luas & enak. tetapi sayang parkirannya kurang luas __,positive,Starbucks
The right place to enjoy every sip of your favourite coffee,positive,Starbucks
TOP .,positive,Starbucks
Cool place ____,positive,Starbucks
Cocok untuk ngumpul bareng teman dan ngerjaan tugas,positive,Starbucks
Starbucks cabang yang @PVJbandung kenapa tisue harus minta di counter ke petugas nya. Dan kenapa karyawan shift sore saat hari ini tidak bisa bahasa inggis sedikit pun. Mohon maaf yaa harus bilang seperti ini.,negative,Starbucks
Rude barista.,negative,Starbucks
Setidaknya ada orang yang kusus untuk pesanan yang online gojek grab sudah hampir 1jam belum juga di proses 20 orang ngantri Krn konsumen yang di layani DTG ke tempat di utamakan dlu sdgkn yang online ngantri GK ad ke pastian pdhl bkn makanan in hanya kopi' St botol kemasan Starbucks konsumen yang online ngeluhnya ke drever bkn pada resto nya kita kerja bkn mau nunggu lama antrian panjang dan se harus Nya ad perbaikan di penjualan online St kasir kurang gesit byk nunggu 2 perkerja sedikit 3 masih bingung tingkat kerja nya proses lama mohon di benah LG tuk menejemennya sebagai komando time,negative,Starbucks
Familiar,positive,Starbucks
Not my most fav sbux karena selalu crowded.. but overall ya sbux standard.. no further complain,positive,Starbucks
Beli cappucino rasa nya kaya kopi sachet,negative,Starbucks
Kota Cimahi hadir di Indonesia yang di bawa ke dokter kalau ngga dapet darah dan air asam yang lain adalah hasil pencarian anda yaitu di majalah male tersebut di atas sudah nanya ke arah yang berlawanan arah dengan cara yang tidak dapat dimuat di harian di majalah dewasa paling seru,positive,Starbucks
Tempat paling cociks di Cimahi buat kerja __,positive,Starbucks
Jelek,negative,Starbucks
Cozy starbucks,positive,Starbucks
Starbucks ternyaman menurutku dari beberapa tempat yang pernah saya kunjungi...,positive,Starbucks
Ngarugikeun batur,negative,Starbucks
Lobby Starbucks TSM tempat nunggu GoCar,positive,Starbucks
Tempatnya nyaman,positive,Starbucks
Nunggu lama,negative,Starbucks
Capuccino grande please..,positive,Starbucks
Kakak ade kasir... Kok km jutek dan serius sekali ? __ Ramah dikit jangan serius2 amat. Aku jd tidak tenang mau ordernya. Semangat ya km,positive,Starbucks
Terbaik,positive,Starbucks
Gara gara ada ajn saya males kesitu dan ini Starbucks dari israel,negative,Starbucks
Pelayanan cepet tempat strategis hebat,positive,Starbucks
Istirahat sejenak sambil menikmati segelas kopi...,positive,Starbucks
Kasir yang cowok jutek. tidak welcome.,negative,Starbucks
Bersih tempat ny. dan baik pelayanan ny,negative,Starbucks
Bersih tempat ny. dan baik pelayanan ny,negative,Starbucks
Cukup nyaman.,positive,Starbucks
Tanpa konfirmasi orderan dibatalkan sepihak sama restoranya,negative,Starbucks
Regas,negative,Starbucks
Hebat,positive,Starbucks
Mayan gede tempatnya buat nugas atau nongki2 gitu,positive,Starbucks
Cool,positive,Starbucks
Pelayanannya super lelet ...,negative,Starbucks
Pelayanannya kirang,negative,Starbucks
Tidak ingin 2 kali ke starbucks sini.. Kapok pokoknya apalagi sama pelayanan nya...,negative,Starbucks
Teu rame sepi,negative,Starbucks
Nice place,positive,Starbucks
Pasti __ buat yang coffee addict,positive,Starbucks
Try to be friendly and adorable. Need more hospitality. This is Starbucks!,negative,Starbucks
Tanpa konfirmasi orderan dibatalkan sepihak sama restoranya,negative,Starbucks
Pelayan atau barista so kece itu ngasih minuman di gebrek di meja__ tolong di training lagi y cowo shift sore atau malem jam 20:07 hari minggu sbx pvj (tertawa) LoL,negative,Starbucks
Pegawainya sangat ramah. Tempat luas. Ada smoking dan nonsmoking area. Lokasi di samping Lobi Pintu Plaza.,positive,Starbucks
Original from starbucks,positive,Starbucks
Tempaat ngerjain tugas pas zaman kuliah duluu,positive,Starbucks
Dtg pas tgl 22 tumbler day mayan 50%,positive,Starbucks
Tanpa konfirmasi orderan dibatalkan sepihak sama restoranya,negative,Starbucks
Untuk yang di dalam pelayanannya sangat baik tetapi untuk tukang parkirnya pelayanannya sangat buruk. Membantu keluar motor tetapi sangat tidak ikhlas. Bahkan sampai ngatain saya orang tak berakal hanya karna saya lewat jalur yang kecil (motor bisa lewat). Mohon untuk pegawainya lebih dididik lagi untuk kenyamanan bersama juga.,negative,Starbucks
Ac nya perhatiin . Agak panas,positive,Starbucks
Staffs are friendly and quick. Good place to sit relax a d sip a cup of coffee,positive,Starbucks
Nunggu lama,negative,Starbucks
Salah satu Starbucks yang Baristanya ramah-ramah dan friendly. Yang kurang enak adalah layout tempat duduknya yang terkesan menumpuk dan kursi (khususnya sofa) yang suka berantakan. Mungkin karena di sana sibuk terus baristanya dan tidak ada kesadaran dari pengunjung yang suka pindahin kursi biar bisa satu meja sama temannya.,positive,Starbucks
Baik kaka,positive,Starbucks
Jelek,negative,Starbucks
Beli cappucino rasa nya kaya kopi sachet,negative,Starbucks
Hari jumat 20 des say order take away tpi barangnya ada yang kurang .mohon ketelitiannya,negative,Starbucks
Nunggu lama,negative,Starbucks
Pelayanan lama,negative,Starbucks
Pelayanan LAMAAAAAAA.....,negative,Starbucks
Tidak lagi_ saya ke ST Paskal. ST paling buruk di bdg Mana judes sekali si kakak nya ____,negative,Starbucks
Starbuck good cofee good hot chocolate,positive,Starbucks
Teu rame sepi,negative,Starbucks
Tempat nongkrong enak....apalagi kalau ad promo.....______,positive,Starbucks
Pelayanannya kirang,negative,Starbucks
Yahhh sama lah sama Starbucks pada umumnya...,positive,Starbucks
Menyenangkan buat ngobrolin skripsian dan karir __. Tempatnya cozy untuk minumanya ya standar lah seperti starbuck pada umumnya saja.,positive,Starbucks
Baristanya super jutek sangat tidak welcome sekali. Bad sekali..,negative,Starbucks
Tempat duduk saat weekend sangat kurang Dan penuh sesak pengunjung maklum brand Starbucks,positive,Starbucks
Hari jumat 20 des say order take away tpi barangnya ada yang kurang .mohon ketelitiannya,negative,Starbucks
Pelayanan LAMAAAAAAA.....,negative,Starbucks
Starbucks cabang yang @PVJbandung kenapa tisue harus minta di counter ke petugas nya. Dan kenapa karyawan shift sore saat hari ini tidak bisa bahasa inggis sedikit pun. Mohon maaf yaa harus bilang seperti ini.,negative,Starbucks
Kalau tidak niat buka sampe jam 9 jangan tulis di google jam 9 Setiap mau pesan fi jam 8 lebih selalu sudah close order,negative,Starbucks
Terlalu sempit tetapi okelah,positive,Starbucks
Weekand rame.,positive,Starbucks
Pesen vanilla sweet cream coldbrew. Ada indrigients yang kurang.. heavy creamnya kemanaaa. Komunikasi kk kalau indrigientsnya ada yang missing.,negative,Starbucks
Bersih tempat ny. dan baik pelayanan ny,negative,Starbucks
Nice place to hangout,positive,Starbucks
Banyak nyamukk,positive,Starbucks
Pelayanan buruk dari barista nya kalau pelayanan buruk gtu bisa bisa hancur Jangan mentang mentang sudah jadi coffe shop besar bisa seenaknya,negative,Starbucks
Suasananya menyenangkan sambil menikmati ramainya jalan,positive,Starbucks
Kurang baik dalam melayani pesanan online..buat driver kecewa..lebih d perbaiki kualitas pegawai nya,negative,Starbucks
Tempatnya nyaman,positive,Starbucks
Enjoyed!,positive,Starbucks
It is nice being here. However sometimes the wifi does not work properly,positive,Starbucks
Barista + kasir tgl 29-12-2024 benar benar ya gabangetttt seumur2 pesen less ice gapernah dikasih sesedikit ini di starbucks manapun!!!,negative,Starbucks
Selalu jd tempat yang menyenangkan buat nonkrong. I love it!!!!,positive,Starbucks
Pintu lama sekali tidak dibener2in,positive,Starbucks
Jelek,negative,Starbucks
Pelayanan buruk dari barista nya kalau pelayanan buruk gtu bisa bisa hancur Jangan mentang mentang sudah jadi coffe shop besar bisa seenaknya,negative,Starbucks
Kalau tidak niat buka sampe jam 9 jangan tulis di google jam 9 Setiap mau pesan fi jam 8 lebih selalu sudah close order,negative,Starbucks
Love it.. Walau kdg ngk dpt tmpt duduk ha ha ha,positive,Starbucks
They refuse to turn the AC on. It’s so uncomfortable. Go to Kopi kenigan they have AC.,negative,Starbucks
Kasirnya jutek sekali!! Minuman tidak sesuai request. Bad experience______,negative,Starbucks
PELAYANAN SANGAT BURUK DAN SANGAT LAMA,negative,Starbucks
Baristanya super jutek sangat tidak welcome sekali. Bad sekali..,negative,Starbucks
Bukan penggemar kopi mahal,negative,Starbucks
Pelayanan LAMAAAAAAA.....,negative,Starbucks
Resto sampah..kalau tidak mau ada driver online..jangan jualan online boss,negative,Starbucks
Full saja disini,positive,Starbucks
Saya sebagai driver Shopee sangat kecewa menu tidak ada aplikasi nya d buka sangat merugikan driver dah jauh jauh saya datang menunya tidak ada tidak menghargai driver dah jauh jauh datang jd satu ya terpaksa d cancel sama pihak resto,negative,Starbucks
Best,positive,Starbucks
BIG NO,negative,Starbucks
Pegawainya kurang ramah,negative,Starbucks
Orderan di lewat terus,negative,Starbucks
Great,positive,Starbucks
Menerapkan protokol kesehatan yang ketat dan dengan pelaksanaan yang baik dan rapi,positive,Starbucks
Barista membiarkan orang lain membuka gelas pesanan orang . Mohon pihak management kembali mentraining barista kembali supaya hospitality starbuck terjaga. Terima kasih . Nama barista adittia.,negative,Starbucks
Juaranya atuh ini mah,positive,Starbucks
Another favoritooo starbucks I ever visited! I really loved the ambiences because I feel relax and warm while enjoying afternoon snacks there. Looking outside from the big window and watching people walked around the street makes me really happy. Would be really happy if I could visit this starbucks again!__,positive,Starbucks
Starbucks baru di Cimahi.tempat luas dan nyaman. Ada pilihan indoor dan outdoor seating area. Toilet bersih. Sayang sekali tidak ada mushola. Semoga segera disediakan mushola oleh pengelola.,positive,Starbucks
Jelek,negative,Starbucks
Pelayanan kak dewi (cashier) jutek sekali. Sedih !,negative,Starbucks
They refuse to turn the AC on. It’s so uncomfortable. Go to Kopi kenigan they have AC.,negative,Starbucks
Great service,positive,Starbucks
Baristanya ramah,positive,Starbucks
Tempatnya nyaman untuk ngobrol2 n menghilangkan penat stlh seharian melakukan aktifitas dlm bekerja.,positive,Starbucks
Baik,positive,Starbucks
Pelayanan buruk dari barista nya kalau pelayanan buruk gtu bisa bisa hancur Jangan mentang mentang sudah jadi coffe shop besar bisa seenaknya,negative,Starbucks
Good coffee quality,positive,Starbucks
Jam 9 uda closingan pdhl hrusnya jam 10 malem,negative,Starbucks
Kasir yang cowok jutek. tidak welcome.,negative,Starbucks
It's a Starbucks as it is but this place isn't an excellent place for WiFi because it's really slow.,positive,Starbucks
Rude barista.,negative,Starbucks
SB,positive,Starbucks
Tidak ada musholla sehingga kurang cocok untuk terlalu lama disini.,positive,Starbucks
The internet is so slow and disconnected frequently. Please fix it and I'll amend my rating,negative,Starbucks
Enak tempat enak kopi kurang di ac...,positive,Starbucks
Place to go kalau pagi pagi ingin enjoying me time,positive,Starbucks
Bersih tempat ny. dan baik pelayanan ny,negative,Starbucks
Kasir yang cowok jutek. tidak welcome.,negative,Starbucks
Gara gara ada ajn saya males kesitu dan ini Starbucks dari israel,negative,Starbucks
Starbuck paling aneh bertahun2 saya datang tidak ada musiknya. Jadi berisik kalau ada yang ngobrol apalagi yang baea bocil,negative,Starbucks
Setidaknya ada orang yang kusus untuk pesanan yang online gojek grab sudah hampir 1jam belum juga di proses 20 orang ngantri Krn konsumen yang di layani DTG ke tempat di utamakan dlu sdgkn yang online ngantri GK ad ke pastian pdhl bkn makanan in hanya kopi' St botol kemasan Starbucks konsumen yang online ngeluhnya ke drever bkn pada resto nya kita kerja bkn mau nunggu lama antrian panjang dan se harus Nya ad perbaikan di penjualan online St kasir kurang gesit byk nunggu 2 perkerja sedikit 3 masih bingung tingkat kerja nya proses lama mohon di benah LG tuk menejemennya sebagai komando time,negative,Starbucks
Ebak tetapi penuh (tersenyum),positive,Starbucks
Bikin kopi sambil beberes. Emangnya di rumah.,negative,Starbucks
Baik,positive,Starbucks
Enak buat nugas+ nongkrong.,positive,Starbucks
Tempat santai ngopi di mall paskal 23. Ketemu klien dan teman teman . Barista yang baik dan cepat .,positive,Starbucks
Buatnya lama,negative,Starbucks
Saya tidak suka selalu dapat pesan promo,negative,Starbucks
BUTUT!!,negative,Starbucks
Pelayanan super LELET....,negative,Starbucks
Tolong donk sekelas starbucks di mall P23 apalagi. Masa ac indoornya panas sekali terutama weekend. sudah lama sekali tidak diperbaikin.,negative,Starbucks
Poor service wrong order again and again only in sb living plaza,negative,Starbucks
It is just like another Starbucks. It has tables which are suitable for having a small meeting for ten people. It also provides power sockets if you're running out of battery.,positive,Starbucks
Very good services,positive,Starbucks
BIG NO,negative,Starbucks
Buatnya lama,negative,Starbucks
Starbucks cabang yang @PVJbandung kenapa tisue harus minta di counter ke petugas nya. Dan kenapa karyawan shift sore saat hari ini tidak bisa bahasa inggis sedikit pun. Mohon maaf yaa harus bilang seperti ini.,negative,Starbucks
Lama menunggu dan tidak adil dalam pelayanan,negative,Starbucks
Lumayan,positive,Starbucks
Agak sempit,positive,Starbucks
Cukup nyaman.. tukang parkirnya juga sangat2 friendly,positive,Starbucks
Nice place...good coffee,positive,Starbucks
Tempatnya nyaman,positive,Starbucks
Smgat burk,negative,Starbucks
Terrible customer experience.,negative,Starbucks
Perasaan sudah dari tahun 2023 kesini. wifinya gapernah jalan,positive,Starbucks
Toiletnya rusak..bau tak sedap di lobby belakang,negative,Starbucks
Nice place and yummy coffee,positive,Starbucks
Pelayanan sinis atas nama g____a rama. Cuma tanya menu breakfast saja jawabnya sinis dengan muka yang nyebelin. Lgsg ganti order ke cold brew,negative,Starbucks
Nice place n ambience,positive,Starbucks
My fave place for work..,positive,Starbucks
Great place,positive,Starbucks
This Starbucks is pretty big one place for hanging out with friends,positive,Starbucks
Good place with good people teh benerrr..ngopi syantik sambil belanja the best,positive,Starbucks
Starbucks in Indonesia makes me happy. Starbucks in Bandung is the best thing!,positive,Starbucks
Perfect place for a drink after visit the museum,positive,Starbucks
Mewwahh,positive,Starbucks
Pelayanannya super ramah dan cepet. Nuker reward yang complimentary beverage tidak dibeda-bedakan sama yang lain + kasirnya Inget namaku pas nuker ke 2 kalinya __,positive,Starbucks
Resto sampah..kalau tidak mau ada driver online..jangan jualan online boss,negative,Starbucks
Tidak melayani pembeli dengan ramah,negative,Starbucks
Starbucks cabang yang @PVJbandung kenapa tisue harus minta di counter ke petugas nya. Dan kenapa karyawan shift sore saat hari ini tidak bisa bahasa inggis sedikit pun. Mohon maaf yaa harus bilang seperti ini.,negative,Starbucks
TOP,positive,Starbucks
Beli cappucino rasa nya kaya kopi sachet,negative,Starbucks
Well it Starbucks.,positive,Starbucks
Saya driver saya dapet orderan di starbuck saya sudah jauh jauh di cancel sama resto nya tidak tau alasan nya apa mana hujan saran kalau mau cancel minimal langsung atau hubungi driver dulu terus kalau belum siap melayani orderan gofood tolong di ttup aplikasi nya soalnya merugikan driver jauh jauh le resto pas sudah mau sampai di cancel resto terimakasih jika ada tanggapan saya naikan bintangnya,negative,Starbucks
Setidaknya ada orang yang kusus untuk pesanan yang online gojek grab sudah hampir 1jam belum juga di proses 20 orang ngantri Krn konsumen yang di layani DTG ke tempat di utamakan dlu sdgkn yang online ngantri GK ad ke pastian pdhl bkn makanan in hanya kopi' St botol kemasan Starbucks konsumen yang online ngeluhnya ke drever bkn pada resto nya kita kerja bkn mau nunggu lama antrian panjang dan se harus Nya ad perbaikan di penjualan online St kasir kurang gesit byk nunggu 2 perkerja sedikit 3 masih bingung tingkat kerja nya proses lama mohon di benah LG tuk menejemennya sebagai komando time,negative,Starbucks
Jelek,negative,Starbucks
Good place n nice,positive,Starbucks
Kasirnya jutek sekali!! Minuman tidak sesuai request. Bad experience______,negative,Starbucks
Yang bikin nya yang LG trening parah sekali,negative,Starbucks
BIG NO,negative,Starbucks
Service kurang baik.Harus ada penambahan karyawan lagi.Jangan sampai membuat customer menunggu pesanan lama.,negative,Starbucks
Resto sampah..kalau tidak mau ada driver online..jangan jualan online boss,negative,Starbucks
Baru jam 8.45 sudah tutup,negative,Starbucks
SEKELAS SBUCKS MINIM COLOKAN?! ARE U SERIOUS!? ____,negative,Starbucks
Pelayanannya super lelet ...,negative,Starbucks
Nice place for dating __,positive,Starbucks
Mahal,negative,Starbucks
Barista + kasir tgl 29-12-2024 benar benar ya gabangetttt seumur2 pesen less ice gapernah dikasih sesedikit ini di starbucks manapun!!!,negative,Starbucks
Tetapi wifi nya bersandi,positive,Starbucks
The service was bad. The waitress asked for aditional cost for oatmilk for the menu Ice Brown Sugar Oat Milk Shaken Espresso.,negative,Starbucks
Pertama kali ke sini tpnya okey nuansa jadul gedung lama terasa sekali tetapi sayang hari ini tidak ada musiknya __,positive,Starbucks
Barista + kasir tgl 29-12-2024 benar benar ya gabangetttt seumur2 pesen less ice gapernah dikasih sesedikit ini di starbucks manapun!!!,negative,Starbucks
Baik lah,positive,Starbucks
Saya sebagai driver Shopee sangat kecewa menu tidak ada aplikasi nya d buka sangat merugikan driver dah jauh jauh saya datang menunya tidak ada tidak menghargai driver dah jauh jauh datang jd satu ya terpaksa d cancel sama pihak resto,negative,Starbucks
Kopinya enak tetapi harganya mahal...,positive,Starbucks
Pelayanan nya tidak ramah. makanan sama minuman nya biasa saja.,negative,Starbucks
Lama menunggu dan tidak adil dalam pelayanan,negative,Starbucks
Untuk yang di dalam pelayanannya sangat baik tetapi untuk tukang parkirnya pelayanannya sangat buruk. Membantu keluar motor tetapi sangat tidak ikhlas. Bahkan sampai ngatain saya orang tak berakal hanya karna saya lewat jalur yang kecil (motor bisa lewat). Mohon untuk pegawainya lebih dididik lagi untuk kenyamanan bersama juga.,negative,Starbucks
Tempatnya lumayan ya,positive,Starbucks
Orderan di lewat terus,negative,Starbucks
Pelayanan kak dewi (cashier) jutek sekali. Sedih !,negative,Starbucks
Good coffe good ambience,positive,Starbucks
Hari jumat 20 des say order take away tpi barangnya ada yang kurang .mohon ketelitiannya,negative,Starbucks
Tidak melayani pembeli dengan ramah,negative,Starbucks
Cozy,positive,Starbucks
Pelayan atau barista so kece itu ngasih minuman di gebrek di meja__ tolong di training lagi y cowo shift sore atau malem jam 20:07 hari minggu sbx pvj (tertawa) LoL,negative,Starbucks
Menyenangkan juga ini...akhirnya di cimahi ada starbucks....en tempat nya cukup menyenangkan...outdoor nya juga nyaman... Jd ada tempat nongki enak,positive,Starbucks
The waiter used paper cup to my coffee instead of class to avoid washing inspiate I requsted class cup,negative,Starbucks
Pelayanan lama,negative,Starbucks
Vibes nya sangat starbucks. Setelah bertahun tahun harus ke Bandung......,positive,Starbucks
Mau ke mall tetapi belum buka..melipir dulu ke starbucks nyari yang seger2,positive,Starbucks
Rude barista.,negative,Starbucks
Kasirnya jutek sekali!!! Harusnya bisa ramah ke pelanggan,negative,Starbucks
Kok gini yah pelayanan star buck. Saya minta Refill air panas untuk teh yang saya sudah beli. Pelayan nya bilang enggak boleh Saya mau beli lagi teh tetapi jangan di seduh TIDAK BOLEH KATANYA,negative,Starbucks
Alternative buat yang tidak bisa masuk tsm __,positive,Starbucks
Perfect,positive,Starbucks
Mantaap Cimahi Rollfilmnya_lik,positive,Starbucks
Pulang dari kerja di hutan.. Starbucks adalah salah satu obat rindu____,positive,Starbucks
Starbucks cabang yang @PVJbandung kenapa tisue harus minta di counter ke petugas nya. Dan kenapa karyawan shift sore saat hari ini tidak bisa bahasa inggis sedikit pun. Mohon maaf yaa harus bilang seperti ini.,negative,Starbucks
Nunggu lama,negative,Starbucks
This branch is quite small but convenient for a little rest before or after shopping at the Ace Hardware and Informa,positive,Starbucks
Tempat wajib istri mampir kalau pas lewat,positive,Starbucks
Haram fatwa MUI,negative,Starbucks
Mahal,negative,Starbucks
Kasirnya jutek sekali!!! Harusnya bisa ramah ke pelanggan,negative,Starbucks
The internet is so slow and disconnected frequently. Please fix it and I'll amend my rating,negative,Starbucks
BIG NO,negative,Starbucks
Bukan penggemar kopi mahal,negative,Starbucks
Jelek,negative,Starbucks
Pelayanannya kirang,negative,Starbucks
Bukan penggemar kopi mahal,negative,Starbucks
Tidak lagi_ saya ke ST Paskal. ST paling buruk di bdg Mana judes sekali si kakak nya ____,negative,Starbucks
Kurang baik dalam melayani pesanan online..buat driver kecewa..lebih d perbaiki kualitas pegawai nya,negative,Starbucks
Pelayanan kurang ramah,negative,Starbucks
The place is very cozy and confortable. They give a good service!,positive,Starbucks
Wow kadi kepengen kembali lagi,positive,Starbucks
Untuk yang di dalam pelayanannya sangat baik tetapi untuk tukang parkirnya pelayanannya sangat buruk. Membantu keluar motor tetapi sangat tidak ikhlas. Bahkan sampai ngatain saya orang tak berakal hanya karna saya lewat jalur yang kecil (motor bisa lewat). Mohon untuk pegawainya lebih dididik lagi untuk kenyamanan bersama juga.,negative,Starbucks
Nice Place. Good place for you to hangout.. Free Wi-Fi . Perfect Place to do your Work here,positive,Starbucks
Orang nya males sekali. tidak mau ngurus surat izin barang stlh jam 10.00 padahl kan saya masih banyak kiroman. dan harus parkir lbh dari 10 jam. kan mahal.,negative,Starbucks
Tempatnya cukup nyaman,positive,Starbucks
The waiter used paper cup to my coffee instead of class to avoid washing inspiate I requsted class cup,negative,Starbucks
Seperti strabucks pada umumnya,positive,Starbucks
The brown sugar has more taste than the coffee. Waited 5 mins to log into slow wifi.,negative,Starbucks
Jelek,negative,Starbucks
Kasir yang cowok jutek. tidak welcome.,negative,Starbucks
Tanpa konfirmasi orderan dibatalkan sepihak sama restoranya,negative,Starbucks
Barista membiarkan orang lain membuka gelas pesanan orang . Mohon pihak management kembali mentraining barista kembali supaya hospitality starbuck terjaga. Terima kasih . Nama barista adittia.,negative,Starbucks
Jam 9 uda closingan pdhl hrusnya jam 10 malem,negative,Starbucks
Selalu rame dan selalu berebut tempat. krn emang lokasi nya enak buat kerja dan meet up,positive,Starbucks
Kok gini yah pelayanan star buck. Saya minta Refill air panas untuk teh yang saya sudah beli. Pelayan nya bilang enggak boleh Saya mau beli lagi teh tetapi jangan di seduh TIDAK BOLEH KATANYA,negative,Starbucks
Nice co working space at paskal 23,positive,Starbucks
Bad experience staff Hasbi,negative,Starbucks
Pelayanan super LELET....,negative,Starbucks
Jelek,negative,Starbucks
No electric plug smooking area hmmmmm,positive,Starbucks
The coffee was like milk. Cummon Starbucks!!! You can do better!!!,negative,Starbucks
Tidak ingin 2 kali ke starbucks sini.. Kapok pokoknya apalagi sama pelayanan nya...,negative,Starbucks
Tempat nongkrong atau ngobrol bisnis yang sangat baik,positive,Starbucks
Cimahi gayaaaaaaaaaaaaa,positive,Starbucks
Very small non smoking area,negative,Starbucks
Bersih,positive,Starbucks
The coffee was like milk. Cummon Starbucks!!! You can do better!!!,negative,Starbucks
Haram fatwa MUI,negative,Starbucks
Good place to hangoit,positive,Starbucks
Just visit for coffee and talking much with my friends,positive,Starbucks
Baristanya sotoy,negative,Starbucks
Toiletnya rusak..bau tak sedap di lobby belakang,negative,Starbucks
Yang bikin nya yang LG trening parah sekali,negative,Starbucks
Bos kalau tidak niat jualan lewat online tutup saja aplikasinya jangn kerjasama lagi sama online .saya sebgai driver sangat menyayangkan sikap pelayanan pekerja starbuck yang mendahulukan yang ofline di banding yang online,negative,Starbucks
Buruk,negative,Starbucks
Jelek,negative,Starbucks
BIG NO,negative,Starbucks
Bikin kopi sambil beberes. Emangnya di rumah.,negative,Starbucks
Enakk ada yang bayari,positive,Starbucks
Kopinya tidak pernah enak beda dr Starbucks lain,negative,Starbucks
Orang nya males sekali. tidak mau ngurus surat izin barang stlh jam 10.00 padahl kan saya masih banyak kiroman. dan harus parkir lbh dari 10 jam. kan mahal.,negative,Starbucks
Bikin kopi sambil beberes. Emangnya di rumah.,negative,Starbucks
Suasananya nyaman. AC dingin. Tempat luas. Selalu beli javachip frappucino. hebat,positive,Starbucks
Pelayanan lama,negative,Starbucks
Starbucks pada umumnya,positive,Starbucks
Nice place to relax and drink a cup of coffee,positive,Starbucks
Nice coffee and foods... but the waitress forgot my one order and let me wait for 40 mins. Then the waitress even gave me glass with broken edges. Be more careful.,negative,Starbucks
Tempat ngopi yang baik,positive,Starbucks
Tempat nya cukup nyaman sehingga cocok untuk bersantai ataupun melakukan meeting disini dan masih berada 1 kawasan dengan mall pascal 23..,positive,Starbucks
Enak ini tempatnya buat nongkrong sambil ngopi,positive,Starbucks
Kasirnya kurang ramah.. ditanyain promo jawabnya ketus.. kurang di training ini..,negative,Starbucks
Rilex,positive,Starbucks
Kurang baik dalam melayani pesanan online..buat driver kecewa..lebih d perbaiki kualitas pegawai nya,negative,Starbucks
Terrible customer experience.,negative,Starbucks
Yang order belakangan di dahulukan. Lawak!!!,positive,Starbucks
Cafe mocha please__,positive,Starbucks
Tempanya santai dan nyaman ____,positive,Starbucks
Kalau tidak ada jangan di di tampilim di aplikasi,negative,Starbucks
Nyaman,positive,Starbucks
Saya driver saya dapet orderan di starbuck saya sudah jauh jauh di cancel sama resto nya tidak tau alasan nya apa mana hujan saran kalau mau cancel minimal langsung atau hubungi driver dulu terus kalau belum siap melayani orderan gofood tolong di ttup aplikasi nya soalnya merugikan driver jauh jauh le resto pas sudah mau sampai di cancel resto terimakasih jika ada tanggapan saya naikan bintangnya,negative,Starbucks
Pelayanan lama,negative,Starbucks
Sistem pendingin udara / ac sepertinya sering bermasalah. baristanya kurang senyum.,positive,Starbucks
Ya seperti starbuck yang lainnya,positive,Starbucks
No comment,positive,Starbucks
Baristanya buruk pelayanan buruk apalagi barista cowo atas nama amar kalau gasalah jutek tidak ramah di kasir hadehhhh cut deh__,negative,Starbucks
Tempat nongkrong Starbucks terbaik di bandung #imho,positive,Starbucks
Orderan di lewat terus,negative,Starbucks
Untuk yang di dalam pelayanannya sangat baik tetapi untuk tukang parkirnya pelayanannya sangat buruk. Membantu keluar motor tetapi sangat tidak ikhlas. Bahkan sampai ngatain saya orang tak berakal hanya karna saya lewat jalur yang kecil (motor bisa lewat). Mohon untuk pegawainya lebih dididik lagi untuk kenyamanan bersama juga.,negative,Starbucks
Haram fatwa MUI,negative,Starbucks
Enak buat nongkrong,positive,Starbucks
Order drink with soy milk and was given drink with normal milk... I have strong allergy for normal milk and that is dangerous for me. Bad uncareful service!,negative,Starbucks
Well,positive,Starbucks
Frappuccino Java Latte ..... Tetep yang Favorite. yang ilang Juice Mango & Juice Apple nya __,positive,Starbucks
Tempat ngopi santai sambil nunggu yang nge mall,positive,Starbucks
Regas,negative,Starbucks
Tempat yang nyaman untuk kerja dan meeting di cimahi,positive,Starbucks
Tempat paling PW kalau ke daerah paskal internet kenceng juga. Pas lah pokoknya sudah terbukti hebat __,positive,Starbucks
Starbucks cabang yang @PVJbandung kenapa tisue harus minta di counter ke petugas nya. Dan kenapa karyawan shift sore saat hari ini tidak bisa bahasa inggis sedikit pun. Mohon maaf yaa harus bilang seperti ini.,negative,Starbucks
Hebat,positive,Starbucks
SEKELAS SBUCKS MINIM COLOKAN?! ARE U SERIOUS!? ____,negative,Starbucks
Enak,positive,Starbucks
Baik,positive,Starbucks
Staffnya sengaja nolak pembayaran lewat card karena saya mau claim free food/beverage,negative,Starbucks
Pelayanan lama,negative,Starbucks
Bad experience staff Hasbi,negative,Starbucks
Berlama-lama disini tidak akan bikin gabut apalagi nikmati kopinya yang enak. Hanya kalau sedang ramai ya ramai sekali.,positive,Starbucks
Nice coffee and foods... but the waitress forgot my one order and let me wait for 40 mins. Then the waitress even gave me glass with broken edges. Be more careful.,negative,Starbucks
Bagus,positive,Starbucks
Lama,negative,Starbucks
Manfaatin promo dari saalah satu provider akhirnya milih gerai yang disini. Sangat sayang sekali di area outdoor bawah tidak ada colokan listrik sedangkan di lantai dua ada colokan tetapi wifi tak stabil :( batal buat wfc ini,positive,Starbucks
Non smoking nya tidak menyenangkan. tidak nyaman,positive,Starbucks
Jelek,negative,Starbucks
Ngarugikeun batur,negative,Starbucks
Rude barista.,negative,Starbucks
Semua starbucks tempatnya enak dan baik buat nongkrong. hebat,positive,Starbucks
Good place to hang out...,positive,Starbucks
Tempat ngopi yang tidak perlu diragukan lagi,positive,Starbucks
Pelayanan lama,negative,Starbucks
Saya pesan delivery combo bottle..untuk signature chocolate nya rasanya sudah asam..biasanya tidak bgtu rasanya..apakah sudah basi??? saya pesan hri ini 03/09 ed tertera di btol pun 03/09,negative,Starbucks
Cozyyy,positive,Starbucks
Buatnya lama,negative,Starbucks
One of the barista is kinda rude :/,positive,Starbucks
Terrible customer experience.,negative,Starbucks
Bukan penggemar kopi mahal,negative,Starbucks
Tempat ngopi di mall 23,positive,Starbucks
Bos kalau tidak niat jualan lewat online tutup saja aplikasinya jangn kerjasama lagi sama online .saya sebgai driver sangat menyayangkan sikap pelayanan pekerja starbuck yang mendahulukan yang ofline di banding yang online,negative,Starbucks
Baik la,positive,Starbucks
Tempatnya di area downwalk.. melewati para perokok.. untuk tempatnya lumayan nyaman.. area indoor nya banyak.. AC nya cukup dingin.. Baristanya baik2 sama ramah as always..,positive,Starbucks
Smgat burk,negative,Starbucks
The idea of __using a paper straw at Starbucks is a stupid idea,negative,Starbucks
Toiletnya rusak..bau tak sedap di lobby belakang,negative,Starbucks
Bisa reedem cheesecake saat ultah,positive,Starbucks
Matcha emang paling the best __________,positive,Starbucks
Yessirrr,positive,Starbucks
Orderan di lewat terus,negative,Starbucks
Jelek,negative,Starbucks
Perfect for WFC on weekdays morning. Sepi dan tenang. Di pusat kota. Cocok untuk yang ingin menikmati suasana asia afrika / braga. Tourist mode sekali kalau kesini.,positive,Starbucks
Barista cowo nya tidak ramah,positive,Starbucks
Cozzy place dan menyenangkan ngeliatin tongkrongan anak2 Cimahi. Btw Cimahi bukan Bandung ya __,positive,Starbucks
Tempatnya sudah pasti sekali seru dan menyenangkan... Klw soal budget starbuck dh pasti harga universal lh y,positive,Starbucks
Cepat n gesit. Good luck,positive,Starbucks
Jelek,negative,Starbucks
Baik sekali,positive,Starbucks
Pelayanan lama,negative,Starbucks
Baik,positive,Starbucks
Nice atmosphere for enjoying a cup of coffee,positive,Starbucks
Good place... But yet not too busy. Pastries / baked product choices is a bit limited...,positive,Starbucks
Starbuck paling aneh bertahun2 saya datang tidak ada musiknya. Jadi berisik kalau ada yang ngobrol apalagi yang baea bocil,negative,Starbucks
Favorit aku sama pacar aku kalau ketmuan,positive,Starbucks
Lumayan enak tempatnya,positive,Starbucks
Comfy place... Good vibes ____,positive,Starbucks
Tidak melayani pembeli dengan ramah,negative,Starbucks
Buruk,negative,Starbucks
2x ke sini parah sekali servicenya. Ketus-ketus. Cepet berbenah kalian,negative,Starbucks
Kasir yang cowok jutek. tidak welcome.,negative,Starbucks
Beli cappucino rasa nya kaya kopi sachet,negative,Starbucks
The waiter used paper cup to my coffee instead of class to avoid washing inspiate I requsted class cup,negative,Starbucks
Orderan di lewat terus,negative,Starbucks
Pelayanannya super lelet ...,negative,Starbucks
Cozy place,positive,Starbucks
Saya pesan latte ukuran grande... Setau saya grande harusnya 2 short .. Ini kopi yang saya pesan weak bangeut kopinya.. Serasa air .. I think barista nya cuma kasih 1 short kopi. . Taste kurang enak.. Abit dissapointed.. Biasa tidak gini rasanya.. Boro2 saya pilih starbuck instead jco coffee.. Kecewa sekalieee,negative,Starbucks
Kopinya tidak pernah enak beda dr Starbucks lain,negative,Starbucks
Kopinya tidak pernah enak beda dr Starbucks lain,negative,Starbucks
Untuk yang di dalam pelayanannya sangat baik tetapi untuk tukang parkirnya pelayanannya sangat buruk. Membantu keluar motor tetapi sangat tidak ikhlas. Bahkan sampai ngatain saya orang tak berakal hanya karna saya lewat jalur yang kecil (motor bisa lewat). Mohon untuk pegawainya lebih dididik lagi untuk kenyamanan bersama juga.,negative,Starbucks
The staff is so kind,positive,Starbucks
BIG NO,negative,Starbucks
Jelek,negative,Starbucks
Starbucks Living Plaza. They had outdoor seating. Unfortunately the last visit their wifi is broke.,positive,Starbucks
The service was bad. The waitress asked for aditional cost for oatmilk for the menu Ice Brown Sugar Oat Milk Shaken Espresso.,negative,Starbucks
Kalau tidak ada jangan di di tampilim di aplikasi,negative,Starbucks
Kolam ikan rumah mode,positive,Starbucks
Lama nunggu nya bikin ya hampir setengah jam,positive,Starbucks
Rude barista.,negative,Starbucks
Rude barista.,negative,Starbucks
Setidaknya ada orang yang kusus untuk pesanan yang online gojek grab sudah hampir 1jam belum juga di proses 20 orang ngantri Krn konsumen yang di layani DTG ke tempat di utamakan dlu sdgkn yang online ngantri GK ad ke pastian pdhl bkn makanan in hanya kopi' St botol kemasan Starbucks konsumen yang online ngeluhnya ke drever bkn pada resto nya kita kerja bkn mau nunggu lama antrian panjang dan se harus Nya ad perbaikan di penjualan online St kasir kurang gesit byk nunggu 2 perkerja sedikit 3 masih bingung tingkat kerja nya proses lama mohon di benah LG tuk menejemennya sebagai komando time,negative,Starbucks
Tim Starbucks TSM sangat gesit & memenuhi kebutuhan konsumen dengan sigap. Pelayanan prima. Thank you Pak Agus & tim,positive,Starbucks
O k sekali,positive,Starbucks
Goodnes,positive,Starbucks
Tempatnya kurang nyaman,positive,Starbucks
Selalu penuh dan nyaman,positive,Starbucks
Jakarta store is better than these one,positive,Starbucks
Pelayan rama2,positive,Starbucks
Nice outlet,positive,Starbucks
Try to be friendly and adorable. Need more hospitality. This is Starbucks!,negative,Starbucks
Best place to chill,positive,Starbucks
Very small non smoking area,negative,Starbucks
Tempatnya enak buat wfc & area outdoornya juga cukup nyaman laa. Kopinya ya jelas baik laa & pilihan makanan pun cukup variatif.,positive,Starbucks
Baristanya buruk pelayanan buruk apalagi barista cowo atas nama amar kalau gasalah jutek tidak ramah di kasir hadehhhh cut deh__,negative,Starbucks
Kurang lebih sama kayak starbucks lainnya. Smooking areanya baik.,positive,Starbucks
Mahal,negative,Starbucks
Mall modern dan banyak tenant yang menarik. Konsep nya artistik.,positive,Starbucks
Untuk yang di dalam pelayanannya sangat baik tetapi untuk tukang parkirnya pelayanannya sangat buruk. Membantu keluar motor tetapi sangat tidak ikhlas. Bahkan sampai ngatain saya orang tak berakal hanya karna saya lewat jalur yang kecil (motor bisa lewat). Mohon untuk pegawainya lebih dididik lagi untuk kenyamanan bersama juga.,negative,Starbucks
BIG NO,negative,Starbucks
Luas...nyaman dan ramah,positive,Starbucks
Well Good,positive,Starbucks
Tempatnya bgs cuma penuh terus he he,positive,Starbucks
Kakak mbanya jutek serius,positive,Starbucks
Hebat sekali,positive,Starbucks
Nice place for hangout,positive,Starbucks
Toilet sama musholla nya kotor sekali...menu nya standard starbucks,positive,Starbucks
Nyaman untuk bersantai...aman,positive,Starbucks
Kasir yang cowok jutek. tidak welcome.,negative,Starbucks
Baik,positive,Starbucks
Hari jumat 20 des say order take away tpi barangnya ada yang kurang .mohon ketelitiannya,negative,Starbucks
Standar Starbucks you know lah...,positive,Starbucks
Always,positive,Starbucks
Baik,positive,Starbucks
Beli 2 botol saja harus nunggu 1jam... Parah bangeeeeettt pelayanan nya,negative,Starbucks
Good,positive,Starbucks
Cute little nook at the mall. Usually busy but we managed to get the outdoor seats during rainy season.,positive,Starbucks
